<?xml version="1.0" encoding="UTF-8" standalone="yes"?>
<addon id="repository.rayflix76" name=" Alpha Repository rayflix76" version="0.1" provider-name="rayflix76">
    <extension point="xbmc.addon.repository" name=" Alpha Repository rayflix76">
        <dir>
            <info compressed="false">https://raw.githubusercontent.com/benking110181/repository.rayflix76/master/repo/zips/addons.xml</info>
            <checksum>https://raw.githubusercontent.com/benking110181/repository.rayflix76/master/repo/zips/addons.xml.md5</checksum>
            <datadir zip="true">https://raw.githubusercontent.com/benking110181/repository.rayflix76/master/repo/zips/</datadir>
        </dir>
    </extension>
    <extension point="xbmc.addon.metadata">
        <summary>Alpha Repository rayflix76</summary>
        <description>Un référentiel pour les versions alpha des skins de rayflix76</description>
        <disclaimer></disclaimer>
        <platform>all</platform>
        <assets>
            <icon>icon.png</icon>
            <fanart>fanart.jpg</fanart>
        </assets>
    </extension>
</addon>