<profiles>
    <lastloaded>0</lastloaded>
    <useloginscreen>true</useloginscreen>
    <autologin>-1</autologin>
    <nextIdProfile>5</nextIdProfile>
    <profile>
        <id>0</id>
        <name>Rayflix</name>
        <directory pathversion="1">special://masterprofile/</directory>
        <thumbnail pathversion="1">D:\Mes Docs\rayflix.jpg</thumbnail>
        <hasdatabases>true</hasdatabases>
        <canwritedatabases>true</canwritedatabases>
        <hassources>true</hassources>
        <canwritesources>true</canwritesources>
        <lockaddonmanager>false</lockaddonmanager>
        <locksettings>0</locksettings>
        <lockfiles>false</lockfiles>
        <lockmusic>false</lockmusic>
        <lockvideo>false</lockvideo>
        <lockpictures>false</lockpictures>
        <lockprograms>false</lockprograms>
        <lockgames>false</lockgames>
        <lockmode>0</lockmode>
        <lockcode>-</lockcode>
        <lastdate>14/10/2021 - 10:09</lastdate>
    </profile>
    <profile>
        <id>1</id>
        <name>kids</name>
        <directory pathversion="1">profiles/kids/</directory>
        <thumbnail pathversion="1">D:\Up2paste\_Logiciels\_logo\dessin kids.jpg</thumbnail>
        <hasdatabases>true</hasdatabases>
        <canwritedatabases>true</canwritedatabases>
        <hassources>true</hassources>
        <canwritesources>true</canwritesources>
        <lockaddonmanager>false</lockaddonmanager>
        <locksettings>0</locksettings>
        <lockfiles>false</lockfiles>
        <lockmusic>false</lockmusic>
        <lockvideo>false</lockvideo>
        <lockpictures>false</lockpictures>
        <lockprograms>false</lockprograms>
        <lockgames>false</lockgames>
        <lockmode>0</lockmode>
        <lockcode>-</lockcode>
        <lastdate>14/10/2021 - 9:52</lastdate>
    </profile>
    <profile>
        <id>2</id>
        <name>test</name>
        <directory pathversion="1">profiles/test/</directory>
        <thumbnail pathversion="1"></thumbnail>
        <hasdatabases>true</hasdatabases>
        <canwritedatabases>true</canwritedatabases>
        <hassources>true</hassources>
        <canwritesources>true</canwritesources>
        <lockaddonmanager>false</lockaddonmanager>
        <locksettings>0</locksettings>
        <lockfiles>false</lockfiles>
        <lockmusic>false</lockmusic>
        <lockvideo>false</lockvideo>
        <lockpictures>false</lockpictures>
        <lockprograms>false</lockprograms>
        <lockgames>false</lockgames>
        <lockmode>0</lockmode>
        <lockcode>-</lockcode>
        <lastdate>14/10/2021 - 9:25</lastdate>
    </profile>
    <profile>
        <id>3</id>
        <name>test2</name>
        <directory pathversion="1">profiles/test2/</directory>
        <thumbnail pathversion="1"></thumbnail>
        <hasdatabases>false</hasdatabases>
        <canwritedatabases>true</canwritedatabases>
        <hassources>false</hassources>
        <canwritesources>true</canwritesources>
        <lockaddonmanager>false</lockaddonmanager>
        <locksettings>0</locksettings>
        <lockfiles>false</lockfiles>
        <lockmusic>false</lockmusic>
        <lockvideo>false</lockvideo>
        <lockpictures>false</lockpictures>
        <lockprograms>false</lockprograms>
        <lockgames>false</lockgames>
        <lockmode>0</lockmode>
        <lockcode>-</lockcode>
        <lastdate></lastdate>
    </profile>
    <profile>
        <id>4</id>
        <name>kids2</name>
        <directory pathversion="1">profiles/kids2/</directory>
        <thumbnail pathversion="1"></thumbnail>
        <hasdatabases>true</hasdatabases>
        <canwritedatabases>true</canwritedatabases>
        <hassources>true</hassources>
        <canwritesources>true</canwritesources>
        <lockaddonmanager>false</lockaddonmanager>
        <locksettings>0</locksettings>
        <lockfiles>false</lockfiles>
        <lockmusic>false</lockmusic>
        <lockvideo>false</lockvideo>
        <lockpictures>false</lockpictures>
        <lockprograms>false</lockprograms>
        <lockgames>false</lockgames>
        <lockmode>0</lockmode>
        <lockcode>-</lockcode>
        <lastdate>14/10/2021 - 9:29</lastdate>
    </profile>
</profiles>
