<?xml version='1.0' encoding='utf-8'?>
<addons><addon id="plugin.program.preniumuptobox" version="0.1.0" name="Prenium Uptobox" provider-name="Rayflix">
	<requires>
		<import addon="script.module.requests" />
	</requires>
    <extension point="xbmc.python.pluginsource" library="default.py">
        <provides>executable</provides>
    </extension>
    <extension point="xbmc.addon.metadata">
        <summary lang="en">Prenium Uptobox</summary>
        <description lang="en">Compte Prenium Uptobox integré.</description>
        <disclaimer lang="en">En cas de bugs, propositions d'améliorations ou autres, contactez-moi sur Discord.</disclaimer>
        <language>en</language>
        <platform>all</platform>
        <forum />
        <website />
        <source />
    <news>
VERSION 1.0 - 18/01/2022
    </news>		
        <assets>
            <icon>icon.png</icon>
            <fanart>fanart.jpg</fanart>
        </assets>		
    </extension>
</addon><addon id="repository.rayflix" name="rayflix Alpha Repository" version="0.1" provider-name="rayflix">
    <extension point="xbmc.addon.repository" name="rayflix Alpha Repository">
        <dir>
            <info compressed="false">https://raw.githubusercontent.com/rayflix76/repository.rayflix/master/repo/zips/addons.xml</info>
            <checksum>https://raw.githubusercontent.com/rayflix76/repository.rayflix/master/repo/zips/addons.xml.md5</checksum>
            <datadir zip="true">https://raw.githubusercontent.com/rayflix76/repository.rayflix/master/repo/zips/</datadir>
        </dir>
        <dir minversion="18.0" maxversion="18.9.0">
            <info compressed="false">https://raw.githubusercontent.com/rayflix76/repository.rayflix/master/leia/zips/addons.xml</info>
            <checksum>https://raw.githubusercontent.com/rayflix76/repository.rayflix/master/leia/zips/addons.xml.md5</checksum>
            <datadir zip="true">https://raw.githubusercontent.com/rayflix76/repository.rayflix/master/leia/zips/</datadir>
        </dir>
        <dir minversion="18.9.0">
            <info compressed="false">https://raw.githubusercontent.com/rayflix76/repository.rayflix/master/matrix/zips/addons.xml</info>
            <checksum>https://raw.githubusercontent.com/rayflix76/repository.rayflix/master/matrix/zips/addons.xml.md5</checksum>
            <datadir zip="true">https://raw.githubusercontent.com/rayflix76/repository.rayflix/master/matrix/zips/</datadir>
        </dir>
    </extension>
    <extension point="xbmc.addon.metadata">
        <summary>rayflix Alpha Repository</summary>
        <description>A repository for alpha releases of rayflix's skins.</description>
        <disclaimer />
        <platform>all</platform>
        <assets>
            <icon>icon.png</icon>
        </assets>
    </extension>
</addon></addons>