<?xml version="1.0" encoding="UTF-8" standalone="yes"?>
<addon id="repository.rayflix" name="rayflix Alpha Repository" version="0.1" provider-name="rayflix">
    <extension point="xbmc.addon.repository" name="rayflix Alpha Repository">
        <dir>
            <info compressed="false">https://raw.githubusercontent.com/rayflix76/repository.rayflix/master/repo/zips/addons.xml</info>
            <checksum>https://raw.githubusercontent.com/rayflix76/repository.rayflix/master/repo/zips/addons.xml.md5</checksum>
            <datadir zip="true">https://raw.githubusercontent.com/rayflix76/repository.rayflix/master/repo/zips/</datadir>
        </dir>
        <dir minversion="18.0" maxversion="18.9.0">
            <info compressed="false">https://raw.githubusercontent.com/rayflix76/repository.rayflix/master/leia/zips/addons.xml</info>
            <checksum>https://raw.githubusercontent.com/rayflix76/repository.rayflix/master/leia/zips/addons.xml.md5</checksum>
            <datadir zip="true">https://raw.githubusercontent.com/rayflix76/repository.rayflix/master/leia/zips/</datadir>
        </dir>
        <dir minversion="18.9.0">
            <info compressed="false">https://raw.githubusercontent.com/rayflix76/repository.rayflix/master/matrix/zips/addons.xml</info>
            <checksum>https://raw.githubusercontent.com/rayflix76/repository.rayflix/master/matrix/zips/addons.xml.md5</checksum>
            <datadir zip="true">https://raw.githubusercontent.com/rayflix76/repository.rayflix/master/matrix/zips/</datadir>
        </dir>
    </extension>
    <extension point="xbmc.addon.metadata">
        <summary>rayflix Alpha Repository</summary>
        <description>A repository for alpha releases of rayflix's skins.</description>
        <disclaimer></disclaimer>
        <platform>all</platform>
        <assets>
            <icon>icon.png</icon>
        </assets>
    </extension>
</addon>