<sources>
    <programs>
        <default pathversion="1"></default>
    </programs>
    <video>
        <default pathversion="1"></default>
    </video>
    <music>
        <default pathversion="1"></default>
    </music>
    <pictures>
        <default pathversion="1"></default>
    </pictures>
    <files>
        <default pathversion="1"></default>
        <source>
            <name>pack script auto</name>
            <path pathversion="1">D:\Up2paste\sauvegarde pastebin\pack script auto\</path>
            <allowsharing>true</allowsharing>
        </source>
        <source>
            <name>ray.zip</name>
            <path pathversion="1">https://github.com/rayflix76/pack/raw/kodi/ray.zip/</path>
            <allowsharing>true</allowsharing>
        </source>
        <source>
            <name>D:</name>
            <path pathversion="1">D:\</path>
            <allowsharing>true</allowsharing>
        </source>
    </files>
    <games>
        <default pathversion="1"></default>
    </games>
</sources>
